model,snr_db,frequency,precision,recall,f1_score,support,accuracy
SVM,0,40Hz,0.9848866498740554,0.8012295081967213,0.8836158192090395,488,0.8382731958762887
SVM,0,50Hz,0.21176470588235294,0.16981132075471697,0.18848167539267016,106,0.8382731958762887
SVM,0,60Hz,0.8336448598130841,0.9311064718162839,0.8796844181459567,958,0.8382731958762887
