model,snr_db,frequency,precision,recall,f1_score,support,accuracy
RandomForest,0,40Hz,0.9653465346534653,0.7707509881422925,0.8571428571428571,506,0.8112113402061856
RandomForest,0,50Hz,0.2361111111111111,0.3238095238095238,0.27309236947791166,105,0.8112113402061856
RandomForest,0,60Hz,0.8316733067729084,0.8873538788522848,0.8586118251928021,941,0.8112113402061856
