SNR_dB,Model,Mean_Power_uW,Median_Power_uW,Std_Dev_uW,Min_Power_uW,Max_Power_uW,Absolute_Improvement_uW,Percentage_Improvement
-10,Pre-Mapping,253682227.30686018,234667413.95398355,211030159.26445606,14529660.63187629,517554648.4847693,0.0,0.0
-10,RF,342645879.8719936,258867667.3619218,210460058.12300524,138341550.5356717,723168605.6245826,88963652.56513342,35.06893388219933
-10,SVM,335548875.65044594,258867667.3619218,206688176.2263745,138341550.5356717,723168605.6245826,81866648.34358576,32.271337733312265
-10,kNN,342261802.2641482,258867667.3619218,211975089.0893469,138341550.5356717,729074883.0266069,88579574.957288,34.917532811685696
-10,XGBoost,338529455.0110896,258867667.3619218,208668655.7016736,138341550.5356717,723168605.6245826,84847227.70422944,33.44626409385636
