SNR_dB,Model,Mean_Power_uW,Median_Power_uW,Std_Dev_uW,Min_Power_uW,Max_Power_uW,Absolute_Improvement_uW,Percentage_Improvement
5,Pre-Mapping,253682227.30686018,234667413.95398355,211030159.26445606,14529660.63187629,517554648.4847693,0.0,0.0
5,RF,342176094.98791647,258867667.3619218,210075193.71960992,138341550.5356717,723168605.6245826,88493867.68105629,34.88374752166298
5,SVM,334832594.66422594,258867667.3619218,205948275.87790874,138341550.5356717,723168605.6245826,81150367.35736576,31.9889840998614
5,kNN,342261802.2641482,258867667.3619218,211975089.0893469,138341550.5356717,729074883.0266069,88579574.957288,34.917532811685696
5,XGBoost,339385019.5398671,258867667.3619218,208799643.01639462,138341550.5356717,723168605.6245826,85702792.23300692,33.78352245754242
