SNR_dB,Model,Mean_Power_uW,Median_Power_uW,Std_Dev_uW,Min_Power_uW,Max_Power_uW,Absolute_Improvement_uW,Percentage_Improvement
-5,Pre-Mapping,253682227.30686018,234667413.95398355,211030159.26445606,14529660.63187629,517554648.4847693,0.0,0.0
-5,RF,344189775.83210814,258867667.3619218,211837848.6047504,138341550.5356717,723168605.6245826,90507548.52524796,35.67752833381104
-5,SVM,333990745.95394915,258867667.3619218,204665504.10498106,138341550.5356717,723168605.6245826,80308518.64708897,31.657132428889405
-5,kNN,342014472.5456544,258867667.3619218,211659008.836336,138341550.5356717,729074883.0266069,88332245.23879424,34.8200369322465
-5,XGBoost,336596547.8295743,258867667.3619218,205913432.2736096,138341550.5356717,723168605.6245826,82914320.52271411,32.684323771100814
