SNR_dB,Model,Mean_Power_uW,Median_Power_uW,Std_Dev_uW,Min_Power_uW,Max_Power_uW,Absolute_Improvement_uW,Percentage_Improvement
0,Pre-Mapping,253682227.30686018,234667413.95398355,211030159.26445606,14529660.63187629,517554648.4847693,0.0,0.0
0,RF,342017725.55323994,258867667.3619218,209497013.58698195,138341550.5356717,723168605.6245826,88335498.24637976,34.821319248165935
0,SVM,335079924.38271976,258867667.3619218,206281718.272873,138341550.5356717,723168605.6245826,81397697.07585958,32.08647997930062
0,kNN,342014472.5456544,258867667.3619218,211659008.836336,138341550.5356717,729074883.0266069,88332245.23879424,34.8200369322465
0,XGBoost,338156557.56853896,258867667.3619218,207816066.86377704,138341550.5356717,723168605.6245826,84474330.26167879,33.29927017689599
