SNR_dB,Model,Mean_Power_uW,Median_Power_uW,Std_Dev_uW,Min_Power_uW,Max_Power_uW,Absolute_Improvement_uW,Percentage_Improvement
10,Pre-Mapping,253682227.30686018,234667413.95398355,211030159.26445606,14529660.63187629,517554648.4847693,0.0,0.0
10,RF,343149300.08304155,258867667.3619218,210901979.9189752,138341550.5356717,723168605.6245826,89467072.77618137,35.267379085236364
10,SVM,336116278.70369697,258867667.3619218,208203776.9033285,138341550.5356717,723168605.6245826,82434051.39683679,32.49500458584454
10,kNN,342261802.2641482,258867667.3619218,211975089.0893469,138341550.5356717,729074883.0266069,88579574.957288,34.917532811685696
10,XGBoost,337257032.594732,258867667.3619218,206242366.1099199,138341550.5356717,723168605.6245826,83574805.28787181,32.94468287160602
