model,snr_db,frequency,precision,recall,f1_score,support,accuracy
k-NN,0,40Hz,0.9491525423728814,0.7762376237623763,0.8540305010893247,505,0.7371134020618557
k-NN,0,50Hz,0.10469314079422383,0.32222222222222224,0.15803814713896458,90,0.7371134020618557
k-NN,0,60Hz,0.8387470997679815,0.7554858934169278,0.7949422759758109,957,0.7371134020618557
