model,snr_db,frequency,precision,recall,f1_score,support,accuracy
XGBoost,0,40Hz,0.9631449631449631,0.7671232876712328,0.8540305010893247,511,0.8202319587628866
XGBoost,0,50Hz,0.1891891891891892,0.22580645161290322,0.20588235294117646,93,0.8202319587628866
XGBoost,0,60Hz,0.8317214700193424,0.9071729957805907,0.8678102926337034,948,0.8202319587628866
